{
 "1": {
  "empathy": [
   3.3870576985247576,
   3.6369894068454482,
   3.49676330640098,
   5.5219991738140095,
   3.70526085519343,
   3.31849957661197,
   3.25174820530623,
   3.840009128458442,
   2.983900398664675,
   3.28404212467538,
   3.7589029904110713,
   2.98929888019052,
   3.1318807036913023,
   2.3268111102879923,
   3.14748726566802,
   2.65099708126283,
   5.00833583086236,
   2.3268111102879923,
   3.54082788496743,
   3.72012817464892,
   3.70526085519343,
   2.65099708126283,
   4.053155496888492,
   3.9240499691924438,
   3.3870576985247576,
   3.70526085519343,
   2.65099708126283,
   3.25174820530623,
   2.63606613423124,
   3.7827827759508224,
   3.3870576985247576,
   2.65099708126283,
   1.80422494794153,
   2.98929888019052,
   3.240459379082377,
   1.68941456950517,
   3.3140204316560435,
   3.3238202426468373,
   2.98929888019052,
   2.91508732576833,
   3.240459379082377,
   3.3870576985247576,
   2.3268111102879923,
   3.54082788496743,
   3.49676330640098,
   5.370476230140515,
   4.33489631791226,
   2.98929888019052,
   2.98929888019052,
   2.91508732576833,
   3.1318807036913023,
   2.3268111102879923,
   2.98929888019052,
   2.91508732576833,
   3.240459379082377,
   3.49676330640098,
   2.94366995340759,
   1.64552939762419,
   2.98929888019052,
   3.46945622237962,
   3.31849957661197,
   4.31678878811841,
   3.2089149393691576,
   4.33489631791226,
   3.47500619395481,
   4.02388884201786,
   3.01852631450777,
   4.978800413913323,
   3.07268102113651,
   4.41137839759493,
   1.88794363665995,
   4.960159433127635,
   2.355831498937283,
   3.19545422622253,
   2.67975945513647,
   2.8164457140401176,
   3.6483856721538253,
   4.33489631791226,
   1.68941456950517,
   3.2324145673888482,
   2.29109799402549,
   4.41137839759493,
   1.99295615617395,
   3.787008400554675,
   3.1999169989542,
   3.1449633985813534,
   4.0164963137076
  ],
  "distress": [
   2.63181344752256,
   3.245972111193617,
   3.28282209429835,
   4.469326007783165,
   3.43678462435653,
   3.4485043486194,
   3.2353840799002827,
   3.217777534128132,
   2.392792689528685,
   2.89557678279678,
   3.9760326430850084,
   2.58974392627732,
   2.6800654997556927,
   2.3445309510946473,
   2.81089729993875,
   2.33435269761003,
   3.532179638396315,
   2.3445309510946473,
   2.62563255945482,
   4.97211581484728,
   3.43678462435653,
   2.33435269761003,
   2.5426749924391223,
   3.041370160133848,
   2.63181344752256,
   3.43678462435653,
   2.33435269761003,
   3.2353840799002827,
   3.054097548577567,
   3.313472990663871,
   2.63181344752256,
   2.33435269761003,
   1.56044617297905,
   2.58974392627732,
   2.87933734539115,
   2.11647676969206,
   2.2931182265931715,
   2.715121886482483,
   2.58974392627732,
   2.8792997834714,
   2.87933734539115,
   2.63181344752256,
   2.3445309510946473,
   2.62563255945482,
   3.28282209429835,
   4.160641536116278,
   3.39124394019275,
   2.58974392627732,
   2.58974392627732,
   2.8792997834714,
   2.6800654997556927,
   2.3445309510946473,
   2.58974392627732,
   2.8792997834714,
   2.87933734539115,
   3.28282209429835,
   2.98763657379288,
   1.23657377057384,
   2.58974392627732,
   3.65805925207024,
   3.4485043486194,
   3.96401640203201,
   3.983704695426085,
   3.39124394019275,
   3.86127758526591,
   3.61538318659047,
   3.50202990561356,
   4.449966989526985,
   2.620197778136088,
   3.5246139531155602,
   2.48800040629075,
   3.944117055642825,
   2.439298309411839,
   3.16256873055222,
   2.96626308024944,
   2.5854552810785876,
   3.631547824560637,
   3.39124394019275,
   2.11647676969206,
   2.6479867532522166,
   1.89919174625662,
   3.5246139531155602,
   2.81941555435806,
   3.682897163276465,
   3.14820973528452,
   3.192439183092847,
   3.03301799785728
  ]
 },
 "2": {
  "empathy": [
   2.98929888019052,
   3.12203908511093,
   3.42296598999358,
   2.4486405221119503,
   3.029543709138085,
   2.85478009376462,
   3.25174820530623,
   2.1431535656342584,
   3.70526085519343,
   4.8803359283432055,
   4.22907533592146,
   3.25174820530623,
   2.98929888019052,
   4.736442983705812,
   5.90095493729934,
   3.1999169989542,
   1.68941456950517,
   2.65099708126283,
   3.59498250493503,
   1.60790062933456,
   2.43575209671851,
   2.771237732221158,
   3.265772632937747,
   1.64552939762419,
   2.133883707653353,
   2.4486405221119503,
   3.26888925355411,
   2.9677141184447997,
   2.8164457140401176,
   3.1448292820572226,
   3.70526085519343,
   4.8803359283432055,
   4.253295215647745,
   3.08133334628482,
   3.850384573783345,
   3.54792353641006,
   1.92808625086478,
   3.1999169989542,
   4.417436439910443,
   3.19545422622253,
   3.5475058347319,
   4.369672848771,
   4.72176728709748,
   4.33489631791226,
   3.25174820530623,
   3.7827827759508224,
   4.738525433169714,
   4.33489631791226,
   4.913377820669365,
   3.70526085519343,
   4.534841729268116,
   4.79368933807434,
   3.26888925355411,
   1.9659265861418385,
   2.67975945513647,
   1.6865019510499648,
   3.0806028372644074,
   3.70526085519343,
   4.5131620931827,
   2.65099708126283,
   4.738525433169714,
   4.33489631791226,
   4.913377820669365
  ],
  "distress": [
   2.58974392627732,
   3.762493595530449,
   3.85786219189346,
   1.8113133181240526,
   2.9939570459539597,
   2.81491153851022,
   3.2353840799002827,
   3.0750721011781987,
   3.43678462435653,
   3.7048932513121233,
   4.21507348234583,
   3.2353840799002827,
   2.58974392627732,
   3.689975277405466,
   4.4864417152075,
   3.14820973528452,
   2.11647676969206,
   2.33435269761003,
   2.87242532304505,
   2.07839886631402,
   1.58672378632376,
   3.637166689170205,
   3.657126430097075,
   1.23657377057384,
   2.184641170714557,
   1.8113133181240526,
   4.4723772058035,
   3.212465694250385,
   2.5854552810785876,
   3.4441277866348674,
   3.43678462435653,
   3.7048932513121233,
   4.095287519278537,
   3.36148098865978,
   3.804078416840905,
   4.16411903998342,
   1.91905768395391,
   3.14820973528452,
   3.358150345622771,
   3.16256873055222,
   3.04309991755101,
   3.87143732221586,
   4.84351542393839,
   3.39124394019275,
   3.2353840799002827,
   3.313472990663871,
   3.891401017869767,
   3.39124394019275,
   4.149485531504732,
   3.43678462435653,
   2.825384072709026,
   4.74748720822632,
   4.4723772058035,
   2.30911110662392,
   2.96626308024944,
   1.9801475898627374,
   3.8232830007999024,
   3.43678462435653,
   3.08938259613363,
   2.33435269761003,
   3.891401017869767,
   3.39124394019275,
   4.149485531504732
  ]
 },